<?xml version="1.0" encoding="UTF-8"?>
<GenRun Id="impl_1" LaunchPart="xc7a35tcpg236-1" LaunchTime="1755896811">
  <File Type="BITSTR-BMM" Name="Basys3_bd.bmm"/>
  <File Type="OPT-METHODOLOGY-DRC" Name="Basys3_methodology_drc_opted.rpt"/>
  <File Type="INIT-TIMING" Name="Basys3_timing_summary_init.rpt"/>
  <File Type="ROUTE-PWR" Name="Basys3_power_routed.rpt"/>
  <File Type="PA-TCL" Name="Basys3.tcl"/>
  <File Type="OPT-TIMING" Name="Basys3_timing_summary_opted.rpt"/>
  <File Type="OPT-DCP" Name="Basys3_opt.dcp"/>
  <File Type="ROUTE-PWR-SUM" Name="Basys3_power_summary_routed.pb"/>
  <File Type="REPORTS-TCL" Name="Basys3_reports.tcl"/>
  <File Type="OPT-DRC" Name="Basys3_drc_opted.rpt"/>
  <File Type="OPT-HWDEF" Name="Basys3.hwdef"/>
  <File Type="PWROPT-DCP" Name="Basys3_pwropt.dcp"/>
  <File Type="PWROPT-DRC" Name="Basys3_drc_pwropted.rpt"/>
  <File Type="PWROPT-TIMING" Name="Basys3_timing_summary_pwropted.rpt"/>
  <File Type="PLACE-DCP" Name="Basys3_placed.dcp"/>
  <File Type="PLACE-IO" Name="Basys3_io_placed.rpt"/>
  <File Type="PLACE-CLK" Name="Basys3_clock_utilization_placed.rpt"/>
  <File Type="PLACE-UTIL" Name="Basys3_utilization_placed.rpt"/>
  <File Type="PLACE-UTIL-PB" Name="Basys3_utilization_placed.pb"/>
  <File Type="PLACE-CTRL" Name="Basys3_control_sets_placed.rpt"/>
  <File Type="PLACE-SIMILARITY" Name="Basys3_incremental_reuse_placed.rpt"/>
  <File Type="PLACE-PRE-SIMILARITY" Name="Basys3_incremental_reuse_pre_placed.rpt"/>
  <File Type="PLACE-TIMING" Name="Basys3_timing_summary_placed.rpt"/>
  <File Type="POSTPLACE-PWROPT-DCP" Name="Basys3_postplace_pwropt.dcp"/>
  <File Type="BG-BIN" Name="Basys3.bin"/>
  <File Type="POSTPLACE-PWROPT-TIMING" Name="Basys3_timing_summary_postplace_pwropted.rpt"/>
  <File Type="PHYSOPT-DCP" Name="Basys3_physopt.dcp"/>
  <File Type="PHYSOPT-DRC" Name="Basys3_drc_physopted.rpt"/>
  <File Type="BITSTR-MSK" Name="Basys3.msk"/>
  <File Type="PHYSOPT-TIMING" Name="Basys3_timing_summary_physopted.rpt"/>
  <File Type="ROUTE-ERROR-DCP" Name="Basys3_routed_error.dcp"/>
  <File Type="ROUTE-DCP" Name="Basys3_routed.dcp"/>
  <File Type="ROUTE-BLACKBOX-DCP" Name="Basys3_routed_bb.dcp"/>
  <File Type="ROUTE-DRC" Name="Basys3_drc_routed.rpt"/>
  <File Type="ROUTE-DRC-PB" Name="Basys3_drc_routed.pb"/>
  <File Type="ROUTE-DRC-RPX" Name="Basys3_drc_routed.rpx"/>
  <File Type="BITSTR-MMI" Name="Basys3.mmi"/>
  <File Type="ROUTE-METHODOLOGY-DRC" Name="Basys3_methodology_drc_routed.rpt"/>
  <File Type="ROUTE-METHODOLOGY-DRC-RPX" Name="Basys3_methodology_drc_routed.rpx"/>
  <File Type="ROUTE-METHODOLOGY-DRC-PB" Name="Basys3_methodology_drc_routed.pb"/>
  <File Type="ROUTE-PWR-RPX" Name="Basys3_power_routed.rpx"/>
  <File Type="ROUTE-STATUS" Name="Basys3_route_status.rpt"/>
  <File Type="ROUTE-STATUS-PB" Name="Basys3_route_status.pb"/>
  <File Type="ROUTE-TIMINGSUMMARY" Name="Basys3_timing_summary_routed.rpt"/>
  <File Type="ROUTE-TIMING-PB" Name="Basys3_timing_summary_routed.pb"/>
  <File Type="ROUTE-TIMING-RPX" Name="Basys3_timing_summary_routed.rpx"/>
  <File Type="ROUTE-SIMILARITY" Name="Basys3_incremental_reuse_routed.rpt"/>
  <File Type="ROUTE-CLK" Name="Basys3_clock_utilization_routed.rpt"/>
  <File Type="ROUTE-BUS-SKEW" Name="Basys3_bus_skew_routed.rpt"/>
  <File Type="ROUTE-BUS-SKEW-PB" Name="Basys3_bus_skew_routed.pb"/>
  <File Type="ROUTE-BUS-SKEW-RPX" Name="Basys3_bus_skew_routed.rpx"/>
  <File Type="POSTROUTE-PHYSOPT-DCP" Name="Basys3_postroute_physopt.dcp"/>
  <File Type="POSTROUTE-PHYSOPT-BLACKBOX-DCP" Name="Basys3_postroute_physopt_bb.dcp"/>
  <File Type="POSTROUTE-PHYSOPT-TIMING" Name="Basys3_timing_summary_postroute_physopted.rpt"/>
  <File Type="POSTROUTE-PHYSOPT-TIMING-PB" Name="Basys3_timing_summary_postroute_physopted.pb"/>
  <File Type="POSTROUTE-PHYSOPT-TIMING-RPX" Name="Basys3_timing_summary_postroute_physopted.rpx"/>
  <File Type="POSTROUTE-PHYSOPT-BUS-SKEW" Name="Basys3_bus_skew_postroute_physopted.rpt"/>
  <File Type="POSTROUTE-PHYSOPT-BUS-SKEW-PB" Name="Basys3_bus_skew_postroute_physopted.pb"/>
  <File Type="BG-BIT" Name="Basys3.bit"/>
  <File Type="POSTROUTE-PHYSOPT-BUS-SKEW-RPX" Name="Basys3_bus_skew_postroute_physopted.rpx"/>
  <File Type="BITSTR-RBT" Name="Basys3.rbt"/>
  <File Type="BITSTR-NKY" Name="Basys3.nky"/>
  <File Type="PDI-FILE" Name="Basys3.pdi"/>
  <File Type="RCFI_FILE" Name="Basys3.rcfi"/>
  <File Type="CFI_FILE" Name="Basys3.cfi"/>
  <File Type="RNPI_FILE" Name="Basys3.rnpi"/>
  <File Type="NPI_FILE" Name="Basys3.npi"/>
  <File Type="RBD_FILE" Name="Basys3.rbd"/>
  <File Type="BITSTR-LTX" Name="debug_nets.ltx"/>
  <File Type="BITSTR-LTX" Name="Basys3.ltx"/>
  <File Type="BITSTR-SYSDEF" Name="Basys3.sysdef"/>
  <File Type="BG-BGN" Name="Basys3.bgn"/>
  <File Type="BG-DRC" Name="Basys3.drc"/>
  <File Type="RDI-RDI" Name="Basys3.vdi"/>
  <File Type="WBT-USG" Name="usage_statistics_webtalk.html"/>
  <FileSet Name="sources" Type="DesignSrcs" RelSrcDir="$PSRCDIR/sources_1">
    <Filter Type="Srcs"/>
    <File Path="$PSRCDIR/sources_1/new/ALU.vhd">
      <FileInfo>
        <Attr Name="UsedIn" Val="synthesis"/>
        <Attr Name="UsedIn" Val="simulation"/>
      </FileInfo>
    </File>
    <File Path="$PPRDIR/../Componentes/Adder8.vhd">
      <FileInfo>
        <Attr Name="UsedIn" Val="synthesis"/>
        <Attr Name="UsedIn" Val="simulation"/>
      </FileInfo>
    </File>
    <File Path="$PSRCDIR/sources_1/new/Debouncer.vhd">
      <FileInfo>
        <Attr Name="UsedIn" Val="synthesis"/>
        <Attr Name="UsedIn" Val="simulation"/>
      </FileInfo>
    </File>
    <File Path="$PSRCDIR/sources_1/new/Display_Controller.vhd">
      <FileInfo>
        <Attr Name="UsedIn" Val="synthesis"/>
        <Attr Name="UsedIn" Val="simulation"/>
      </FileInfo>
    </File>
    <File Path="$PPRDIR/../Componentes/FA.vhd">
      <FileInfo>
        <Attr Name="UsedIn" Val="synthesis"/>
        <Attr Name="UsedIn" Val="simulation"/>
      </FileInfo>
    </File>
    <File Path="$PPRDIR/../Componentes/HA.vhd">
      <FileInfo>
        <Attr Name="UsedIn" Val="synthesis"/>
        <Attr Name="UsedIn" Val="simulation"/>
      </FileInfo>
    </File>
    <File Path="$PPRDIR/../Componentes/Reg.vhd">
      <FileInfo>
        <Attr Name="UsedIn" Val="synthesis"/>
        <Attr Name="UsedIn" Val="simulation"/>
      </FileInfo>
    </File>
    <File Path="$PSRCDIR/sources_1/new/Basys3.vhd">
      <FileInfo>
        <Attr Name="UsedIn" Val="synthesis"/>
        <Attr Name="UsedIn" Val="simulation"/>
      </FileInfo>
    </File>
    <Config>
      <Option Name="DesignMode" Val="RTL"/>
      <Option Name="TopModule" Val="Basys3"/>
      <Option Name="TopAutoSet" Val="TRUE"/>
    </Config>
  </FileSet>
  <FileSet Name="constrs_in" Type="Constrs" RelSrcDir="$PSRCDIR/constrs_1">
    <Filter Type="Constrs"/>
    <File Path="$PSRCDIR/constrs_1/new/Basys3.xdc">
      <FileInfo>
        <Attr Name="ImportPath" Val="$PPRDIR/../../../../Proyecto Base.srcs/constrs_1/new/Basys3.xdc"/>
        <Attr Name="ImportTime" Val="1439148242"/>
        <Attr Name="UsedIn" Val="synthesis"/>
        <Attr Name="UsedIn" Val="implementation"/>
      </FileInfo>
    </File>
    <Config>
      <Option Name="TargetConstrsFile" Val="$PSRCDIR/constrs_1/new/Basys3.xdc"/>
      <Option Name="ConstrsType" Val="XDC"/>
    </Config>
  </FileSet>
  <FileSet Name="utils" Type="Utils" RelSrcDir="$PSRCDIR/utils_1">
    <Filter Type="Utils"/>
    <Config>
      <Option Name="TopAutoSet" Val="TRUE"/>
    </Config>
  </FileSet>
  <Strategy Version="1" Minor="2">
    <StratHandle Name="Vivado Implementation Defaults" Flow="Vivado Implementation 2015"/>
    <Step Id="init_design"/>
    <Step Id="opt_design"/>
    <Step Id="power_opt_design"/>
    <Step Id="place_design"/>
    <Step Id="post_place_power_opt_design"/>
    <Step Id="phys_opt_design"/>
    <Step Id="route_design"/>
    <Step Id="post_route_phys_opt_design"/>
    <Step Id="write_bitstream">
      <Option Id="BinFile">1</Option>
    </Step>
  </Strategy>
</GenRun>
